class,lesion_name,original_path,reason
bcc,4_714_67_in_3224_3225___2019-10-25_10-37-19,skin/bcc/4_714_67_in_3224_3225___2019-10-25_10-37-19,lack: R
bcc,2_149_12_in_1298_1299___2019-02-22_10-21-43,skin/bcc/2_149_12_in_1298_1299___2019-02-22_10-21-43,"lack: R, G"
mel,2_1032_15_in_8414___2023-04-17_11-14-04,skin/mel/2_1032_15_in_8414___2023-04-17_11-14-04,lack: G
nevus,3_599_32_in_6865___2021-09-24_16-17-04,skin/nevus/3_599_32_in_6865___2021-09-24_16-17-04,"lack: R, G, IR"
nevus,4_547_65_in_6568___2021-04-27_17-49-11,skin/nevus/4_547_65_in_6568___2021-04-27_17-49-11,"lack: R, G"
nevus,4_795_11_in_2376_2377___2019-06-10_11-08-33,skin/nevus/4_795_11_in_2376_2377___2019-06-10_11-08-33,lack: G
nevus,4_742_11_in_5450_5451___2020-10-15_10-39-45,skin/nevus/4_742_11_in_5450_5451___2020-10-15_10-39-45,lack: G
nevus,4_795_926_in_2378_2379___2019-06-10_11-09-38,skin/nevus/4_795_926_in_2378_2379___2019-06-10_11-09-38,lack: G
bkl,L82__3___in_9737___2025-03-12_14-08-13,skin/bkl/L82/3___in_9737___2025-03-12_14-08-13,lack: G
